{
  "MEZZORAINPIU_10_10_21": 2115.0127891156462,
  "MEZZORAINPIU_14_03_21": 1812.0156009070295,
  "MEZZORAINPIU_23_05_21": 1729.9012421145858,
  "MEZZORAINPIU_24_10_21": 1659.0193197278911,
  "MEZZORAINPIU_27_03_22": 1680.0101587301588,
  "PORTAPORTA_09_06_21":  5215.88342114574, 
  "PORTAPORTA_15_06_22": 6252.762267573697,
  "PORTAPORTA_22_06_22": 7118.680816326530,
  "PORTAPORTA_23_06_22": 5775.198342146775,
  "PORTAPORTA_28_06_22": 6521.788662131519,
  "PRESADIRETTA_07_02_22": 6345.80462585034,
  "PRESADIRETTA_13_03_23": 6571.71156462585,
  "PRESADIRETTA_14_02_22": 6576.44843537415,
  "PRESADIRETTA_14_03_22": 6580.00108843537,
  "PRESADIRETTA_15_03_21": 6377.12109821834,
  "REPORT_10_05_21": 6418.005351473923,
  "REPORT_11_04_22": 6458.374965986394,
  "REPORT_12_04_21": 6656.011102249512,
  "REPORT_13_06_22": 6359.481179138322,
  "REPORT_20_12_21": 6736.039183673478,
  "ULISSE_03_06_21": 7449.147210884354,
  "ULISSE_05_05_21": 7555.902211939291,
  "ULISSE_09_04_22": 7437.839092970522,
  "ULISSE_16_04_22": 7627.847981859410,
  "ULISSE_21_04_21": 7604.122111932124,
  "ULISSE_23_04_22": 7627.940861678005,
  "ULISSE_25_01_22": 7733.777414965986,
  "ULISSE_27_05_21": 7320.253242630385,
  "ULISSE_28_04_21": 7632.979591836734,
  "ULISSE_30_04_22": 7342.265759637188
}